Accuracy,Precision,Recall,F1
0.875,0.7586206896551724,0.7183908045977011,0.7333333333333334
